CREATE TABLE IF NOT EXISTS `wp_ori_task_action` (
`id` int(10) unsigned NOT NULL AUTO_INCREMENT COMMENT '主键',
`task_id`  int(10) NULL  COMMENT '任务',
`project_id`  int(10) NULL  COMMENT '项目',
`start_time`  int(10) NULL  COMMENT '开始时间',
`end_time`  int(10) NULL  COMMENT '结束时间',
`team_id`  int(10) NULL  COMMENT '队伍',
`token`  varchar(255) NULL  COMMENT 'token',
`uid`  int(10) NULL  COMMENT '用户UID',
`openid`  varchar(255) NULL  COMMENT 'OpenId',
PRIMARY KEY (`id`)
) ENGINE=MyISAM DEFAULT CHARACTER SET=utf8 COLLATE=utf8_general_ci CHECKSUM=0 ROW_FORMAT=DYNAMIC DELAY_KEY_WRITE=0;
INSERT INTO `wp_ori_task_action` (`id`,`task_id`,`project_id`,`start_time`,`end_time`,`team_id`,`token`,`uid`,`openid`) VALUES ('1','6','7','1473817800','1473817800','0','gh_61b835c751eb','','');
INSERT INTO `wp_model` (`name`,`title`,`extend`,`relation`,`need_pk`,`field_sort`,`field_group`,`attribute_list`,`template_list`,`template_add`,`template_edit`,`list_grid`,`list_row`,`search_key`,`search_list`,`create_time`,`update_time`,`status`,`engine_type`,`addon`) VALUES ('ori_task_action','任务记录','0','','1','["start_time","end_time","team_id"]','1:基础','','','','','project_id:线路\r\nteam_id:队伍\r\ntask_id:任务\r\nstart_time|time_format:开始时间\r\nend_time|time_format:结整时间\r\n','10','team_id:队伍','','1473816038','1473818450','1','MyISAM','Orienteering');
INSERT INTO `wp_attribute` (`name`,`title`,`field`,`type`,`value`,`remark`,`is_show`,`extra`,`model_id`,`model_name`,`is_must`,`status`,`update_time`,`create_time`,`validate_rule`,`validate_time`,`error_info`,`validate_type`,`auto_rule`,`auto_time`,`auto_type`) VALUES ('task_id','任务','int(10) NULL','num','','','4','','0','ori_task_action','0','1','1473816099','1473816099','','3','','regex','','3','function');
INSERT INTO `wp_attribute` (`name`,`title`,`field`,`type`,`value`,`remark`,`is_show`,`extra`,`model_id`,`model_name`,`is_must`,`status`,`update_time`,`create_time`,`validate_rule`,`validate_time`,`error_info`,`validate_type`,`auto_rule`,`auto_time`,`auto_type`) VALUES ('project_id','项目','int(10) NULL','num','','','4','','0','ori_task_action','0','1','1473816149','1473816149','','3','','regex','','3','function');
INSERT INTO `wp_attribute` (`name`,`title`,`field`,`type`,`value`,`remark`,`is_show`,`extra`,`model_id`,`model_name`,`is_must`,`status`,`update_time`,`create_time`,`validate_rule`,`validate_time`,`error_info`,`validate_type`,`auto_rule`,`auto_time`,`auto_type`) VALUES ('start_time','开始时间','int(10) NULL','datetime','','','1','','0','ori_task_action','0','1','1473816237','1473816237','','3','','regex','','3','function');
INSERT INTO `wp_attribute` (`name`,`title`,`field`,`type`,`value`,`remark`,`is_show`,`extra`,`model_id`,`model_name`,`is_must`,`status`,`update_time`,`create_time`,`validate_rule`,`validate_time`,`error_info`,`validate_type`,`auto_rule`,`auto_time`,`auto_type`) VALUES ('end_time','结束时间','int(10) NULL','datetime','','','1','','0','ori_task_action','0','1','1473816273','1473816273','','3','','regex','','3','function');
INSERT INTO `wp_attribute` (`name`,`title`,`field`,`type`,`value`,`remark`,`is_show`,`extra`,`model_id`,`model_name`,`is_must`,`status`,`update_time`,`create_time`,`validate_rule`,`validate_time`,`error_info`,`validate_type`,`auto_rule`,`auto_time`,`auto_type`) VALUES ('team_id','队伍','int(10) NULL','num','','','1','','0','ori_task_action','0','1','1473816394','1473816394','','3','','regex','','3','function');
INSERT INTO `wp_attribute` (`name`,`title`,`field`,`type`,`value`,`remark`,`is_show`,`extra`,`model_id`,`model_name`,`is_must`,`status`,`update_time`,`create_time`,`validate_rule`,`validate_time`,`error_info`,`validate_type`,`auto_rule`,`auto_time`,`auto_type`) VALUES ('token','token','varchar(255) NULL','string','','','0','','0','ori_task_action','0','1','1473816499','1473816499','','3','','regex','get_token','1','function');
INSERT INTO `wp_attribute` (`name`,`title`,`field`,`type`,`value`,`remark`,`is_show`,`extra`,`model_id`,`model_name`,`is_must`,`status`,`update_time`,`create_time`,`validate_rule`,`validate_time`,`error_info`,`validate_type`,`auto_rule`,`auto_time`,`auto_type`) VALUES ('uid','用户UID','int(10) NULL','num','','','0','','0','ori_task_action','0','1','1473816629','1473816629','','3','','regex','','3','function');
INSERT INTO `wp_attribute` (`name`,`title`,`field`,`type`,`value`,`remark`,`is_show`,`extra`,`model_id`,`model_name`,`is_must`,`status`,`update_time`,`create_time`,`validate_rule`,`validate_time`,`error_info`,`validate_type`,`auto_rule`,`auto_time`,`auto_type`) VALUES ('openid','OpenId','varchar(255) NULL','string','','','0','','0','ori_task_action','0','1','1473816682','1473816682','','3','','regex','','3','function');
UPDATE `wp_attribute` a, wp_model m SET a.model_id = m.id WHERE a.model_name=m.`name`;

CREATE TABLE IF NOT EXISTS `wp_ori_team` (
`id` int(10) unsigned NOT NULL AUTO_INCREMENT COMMENT '主键',
`project_id`  int(10) NULL  COMMENT '线路',
`cTime`  int(10) NULL  COMMENT '创建时间',
`team_name`  varchar(255) NULL  COMMENT '团队名称',
`token`  varchar(255) NULL  COMMENT 'token',
PRIMARY KEY (`id`)
) ENGINE=MyISAM DEFAULT CHARACTER SET=utf8 COLLATE=utf8_general_ci CHECKSUM=0 ROW_FORMAT=DYNAMIC DELAY_KEY_WRITE=0;
INSERT INTO `wp_ori_team` (`id`,`project_id`,`cTime`,`team_name`,`token`) VALUES ('2','0','1472547807','dafsasf','');
INSERT INTO `wp_ori_team` (`id`,`project_id`,`cTime`,`team_name`,`token`) VALUES ('3','4','1472548183','光之队','test1');
INSERT INTO `wp_ori_team` (`id`,`project_id`,`cTime`,`team_name`,`token`) VALUES ('4','4','1472548190','梦之队','test1');
INSERT INTO `wp_ori_team` (`id`,`project_id`,`cTime`,`team_name`,`token`) VALUES ('5','6','1472548521','dfasdfa','aaa33333');
INSERT INTO `wp_ori_team` (`id`,`project_id`,`cTime`,`team_name`,`token`) VALUES ('6','6','1472548605','fasdfasf','aaa33333');
INSERT INTO `wp_model` (`name`,`title`,`extend`,`relation`,`need_pk`,`field_sort`,`field_group`,`attribute_list`,`template_list`,`template_add`,`template_edit`,`list_grid`,`list_row`,`search_key`,`search_list`,`create_time`,`update_time`,`status`,`engine_type`,`addon`) VALUES ('ori_team','参赛队','0','','1','["project_id","team_name","test"]','1:基础','','','','','project_id:线路\r\nteam_name:参赛队\r\nid:操作:[EDIT]|编辑,[DELETE]|删除,teamuser&&id=[id]|队员','10','','','1472546522','1472548245','1','MyISAM','Orienteering');
INSERT INTO `wp_attribute` (`name`,`title`,`field`,`type`,`value`,`remark`,`is_show`,`extra`,`model_id`,`model_name`,`is_must`,`status`,`update_time`,`create_time`,`validate_rule`,`validate_time`,`error_info`,`validate_type`,`auto_rule`,`auto_time`,`auto_type`) VALUES ('project_id','线路','int(10) NULL','dynamic_select','','','1','table=ori_project&value_field=id&title_field=project_name','0','ori_team','1','1','1472548583','1472546657','','3','','regex','','3','function');
INSERT INTO `wp_attribute` (`name`,`title`,`field`,`type`,`value`,`remark`,`is_show`,`extra`,`model_id`,`model_name`,`is_must`,`status`,`update_time`,`create_time`,`validate_rule`,`validate_time`,`error_info`,`validate_type`,`auto_rule`,`auto_time`,`auto_type`) VALUES ('cTime','创建时间','int(10) NULL','datetime','','','0','','0','ori_team','0','1','1472546778','1472546778','','3','','regex','time','1','function');
INSERT INTO `wp_attribute` (`name`,`title`,`field`,`type`,`value`,`remark`,`is_show`,`extra`,`model_id`,`model_name`,`is_must`,`status`,`update_time`,`create_time`,`validate_rule`,`validate_time`,`error_info`,`validate_type`,`auto_rule`,`auto_time`,`auto_type`) VALUES ('team_name','团队名称','varchar(255) NULL','string','','','1','','0','ori_team','1','1','1472546818','1472546818','','3','','regex','','3','function');
INSERT INTO `wp_attribute` (`name`,`title`,`field`,`type`,`value`,`remark`,`is_show`,`extra`,`model_id`,`model_name`,`is_must`,`status`,`update_time`,`create_time`,`validate_rule`,`validate_time`,`error_info`,`validate_type`,`auto_rule`,`auto_time`,`auto_type`) VALUES ('token','token','varchar(255) NULL','string','','','0','','0','ori_team','0','1','1472547912','1472547912','','3','','regex','get_token','3','function');
UPDATE `wp_attribute` a, wp_model m SET a.model_id = m.id WHERE a.model_name=m.`name`;

CREATE TABLE IF NOT EXISTS `wp_ori_project` (
`id` int(10) unsigned NOT NULL AUTO_INCREMENT COMMENT '主键',
`project_name`  varchar(255) NULL  COMMENT '线路名称',
`ctime`  int(10) NULL  COMMENT '创建时间',
`ori_date`  int(10) NULL  COMMENT '比赛日期',
`ori_status`  varchar(255) NULL  COMMENT '状态',
`token`  varchar(255) NULL  COMMENT 'token',
PRIMARY KEY (`id`)
) ENGINE=MyISAM DEFAULT CHARACTER SET=utf8 COLLATE=utf8_general_ci CHECKSUM=0 ROW_FORMAT=DYNAMIC DELAY_KEY_WRITE=0;
INSERT INTO `wp_ori_project` (`id`,`project_name`,`ctime`,`ori_date`,`ori_status`,`token`) VALUES ('1','定向赛一','1472527554','','','');
INSERT INTO `wp_ori_project` (`id`,`project_name`,`ctime`,`ori_date`,`ori_status`,`token`) VALUES ('5','环太平洋游','1472547934','1472745600','01','test1');
INSERT INTO `wp_ori_project` (`id`,`project_name`,`ctime`,`ori_date`,`ori_status`,`token`) VALUES ('3','大土大土','1472528917','1472572800','地','');
INSERT INTO `wp_ori_project` (`id`,`project_name`,`ctime`,`ori_date`,`ori_status`,`token`) VALUES ('4','金山自由行','1472539589','1472745600','02','test1');
INSERT INTO `wp_ori_project` (`id`,`project_name`,`ctime`,`ori_date`,`ori_status`,`token`) VALUES ('6','dfasdfas','1472548510','1472486400','01','aaa33333');
INSERT INTO `wp_ori_project` (`id`,`project_name`,`ctime`,`ori_date`,`ori_status`,`token`) VALUES ('7','线路一环金山','1473756606','1474041600','01','gh_61b835c751eb');
INSERT INTO `wp_ori_project` (`id`,`project_name`,`ctime`,`ori_date`,`ori_status`,`token`) VALUES ('8','adfdfddfdf','1473756628','1475164800','01','gh_61b835c751eb');
INSERT INTO `wp_ori_project` (`id`,`project_name`,`ctime`,`ori_date`,`ori_status`,`token`) VALUES ('9','a','1473824165','','01','gh_61b835c751eb');
INSERT INTO `wp_ori_project` (`id`,`project_name`,`ctime`,`ori_date`,`ori_status`,`token`) VALUES ('10','2','1473824171','','01','gh_61b835c751eb');
INSERT INTO `wp_ori_project` (`id`,`project_name`,`ctime`,`ori_date`,`ori_status`,`token`) VALUES ('11','e','1473824177','','01','gh_61b835c751eb');
INSERT INTO `wp_ori_project` (`id`,`project_name`,`ctime`,`ori_date`,`ori_status`,`token`) VALUES ('12','a','1473824183','','01','gh_61b835c751eb');
INSERT INTO `wp_ori_project` (`id`,`project_name`,`ctime`,`ori_date`,`ori_status`,`token`) VALUES ('13','ef','1473824191','','01','gh_61b835c751eb');
INSERT INTO `wp_ori_project` (`id`,`project_name`,`ctime`,`ori_date`,`ori_status`,`token`) VALUES ('14','32','1473824198','','01','gh_61b835c751eb');
INSERT INTO `wp_ori_project` (`id`,`project_name`,`ctime`,`ori_date`,`ori_status`,`token`) VALUES ('15','aafdas','1473824205','','01','gh_61b835c751eb');
INSERT INTO `wp_ori_project` (`id`,`project_name`,`ctime`,`ori_date`,`ori_status`,`token`) VALUES ('16','dfasd','1473824211','','01','gh_61b835c751eb');
INSERT INTO `wp_ori_project` (`id`,`project_name`,`ctime`,`ori_date`,`ori_status`,`token`) VALUES ('17','222','1473824217','','01','gh_61b835c751eb');
INSERT INTO `wp_ori_project` (`id`,`project_name`,`ctime`,`ori_date`,`ori_status`,`token`) VALUES ('18','ff','1473824224','','01','gh_61b835c751eb');
INSERT INTO `wp_ori_project` (`id`,`project_name`,`ctime`,`ori_date`,`ori_status`,`token`) VALUES ('19','dfasdf','1473824240','','01','gh_61b835c751eb');
INSERT INTO `wp_ori_project` (`id`,`project_name`,`ctime`,`ori_date`,`ori_status`,`token`) VALUES ('20','222','1473824249','','01','gh_61b835c751eb');
INSERT INTO `wp_ori_project` (`id`,`project_name`,`ctime`,`ori_date`,`ori_status`,`token`) VALUES ('21','22','1473824260','','01','gh_61b835c751eb');
INSERT INTO `wp_model` (`name`,`title`,`extend`,`relation`,`need_pk`,`field_sort`,`field_group`,`attribute_list`,`template_list`,`template_add`,`template_edit`,`list_grid`,`list_row`,`search_key`,`search_list`,`create_time`,`update_time`,`status`,`engine_type`,`addon`) VALUES ('ori_project','定向赛线路','0','','1','["project_name","ori_date","ori_status"]','1:基础','','','','','id:序号\r\nproject_name:线路名称\r\nori_date|day_format:比赛日期\r\nori_status:状态\r\nids:操作:[EDIT]|编辑,[DELETE]|删除,task&id=[id]|任务管理,score&id=[id]|成绩查询','10','','','1469955326','1473820533','1','MyISAM','Orienteering');
INSERT INTO `wp_attribute` (`name`,`title`,`field`,`type`,`value`,`remark`,`is_show`,`extra`,`model_id`,`model_name`,`is_must`,`status`,`update_time`,`create_time`,`validate_rule`,`validate_time`,`error_info`,`validate_type`,`auto_rule`,`auto_time`,`auto_type`) VALUES ('project_name','线路名称','varchar(255) NULL','string','','','1','','0','ori_project','1','1','1469955628','1469955568','','3','','regex','','3','function');
INSERT INTO `wp_attribute` (`name`,`title`,`field`,`type`,`value`,`remark`,`is_show`,`extra`,`model_id`,`model_name`,`is_must`,`status`,`update_time`,`create_time`,`validate_rule`,`validate_time`,`error_info`,`validate_type`,`auto_rule`,`auto_time`,`auto_type`) VALUES ('ctime','创建时间','int(10) NULL','datetime','','','0','','0','ori_project','0','1','1471179653','1470926362','','3','','regex','time','1','function');
INSERT INTO `wp_attribute` (`name`,`title`,`field`,`type`,`value`,`remark`,`is_show`,`extra`,`model_id`,`model_name`,`is_must`,`status`,`update_time`,`create_time`,`validate_rule`,`validate_time`,`error_info`,`validate_type`,`auto_rule`,`auto_time`,`auto_type`) VALUES ('ori_date','比赛日期','int(10) NULL','date','','','1','','0','ori_project','0','1','1472528033','1472528033','','3','','regex','','3','function');
INSERT INTO `wp_attribute` (`name`,`title`,`field`,`type`,`value`,`remark`,`is_show`,`extra`,`model_id`,`model_name`,`is_must`,`status`,`update_time`,`create_time`,`validate_rule`,`validate_time`,`error_info`,`validate_type`,`auto_rule`,`auto_time`,`auto_type`) VALUES ('ori_status','状态','varchar(255) NULL','select','','','1','01:草稿\r\n02:进行中\r\n03:结束','0','ori_project','0','1','1472545658','1472528094','','3','','regex','','3','function');
INSERT INTO `wp_attribute` (`name`,`title`,`field`,`type`,`value`,`remark`,`is_show`,`extra`,`model_id`,`model_name`,`is_must`,`status`,`update_time`,`create_time`,`validate_rule`,`validate_time`,`error_info`,`validate_type`,`auto_rule`,`auto_time`,`auto_type`) VALUES ('token','token','varchar(255) NULL','string','','','0','','0','ori_project','0','1','1472539035','1472539035','','3','','regex','get_token','3','function');
UPDATE `wp_attribute` a, wp_model m SET a.model_id = m.id WHERE a.model_name=m.`name`;

CREATE TABLE IF NOT EXISTS `wp_ori_task` (
`id` int(10) unsigned NOT NULL AUTO_INCREMENT COMMENT '主键',
`project_id`  int(10) NULL  COMMENT '项目ID',
`seq_num`  int(10) NULL  COMMENT '排序号',
`task_name`  varchar(255) NULL  COMMENT '任务名称',
`task_content`  text  NULL  COMMENT '任务内容',
`ctime`  int(10) NULL  COMMENT '创建时间',
`token`  varchar(255) NULL  COMMENT 'token',
`qr_code`  varchar(255) NULL  COMMENT '二维码',
PRIMARY KEY (`id`)
) ENGINE=MyISAM DEFAULT CHARACTER SET=utf8 COLLATE=utf8_general_ci CHECKSUM=0 ROW_FORMAT=DYNAMIC DELAY_KEY_WRITE=0;
INSERT INTO `wp_ori_task` (`id`,`project_id`,`seq_num`,`task_name`,`task_content`,`ctime`,`token`,`qr_code`) VALUES ('1','3','0','asdfasdf','0','1472532180','','');
INSERT INTO `wp_ori_task` (`id`,`project_id`,`seq_num`,`task_name`,`task_content`,`ctime`,`token`,`qr_code`) VALUES ('2','4','1','任务一','<p>0dddadsfasdfas</p><p>asdfasdf</p><p>dsfasdffasdf</p>','1472542576','test1','');
INSERT INTO `wp_ori_task` (`id`,`project_id`,`seq_num`,`task_name`,`task_content`,`ctime`,`token`,`qr_code`) VALUES ('5','7','2','dfasfas','<p>sdfasdf</p>','1473760005','gh_61b835c751eb','https://mp.weixin.qq.com/cgi-bin/showqrcode?ticket=gQHK8DoAAAAAAAAAASxodHRwOi8vd2VpeGluLnFxLmNvbS9xL0VUOEd5T3JtQ3VCekxXbE1aaEh1AAIECMvXVwMEAI0nAA==');
INSERT INTO `wp_ori_task` (`id`,`project_id`,`seq_num`,`task_name`,`task_content`,`ctime`,`token`,`qr_code`) VALUES ('6','7','0','fff','<p>fasdfsaf</p>','1473760084','gh_61b835c751eb','https://mp.weixin.qq.com/cgi-bin/showqrcode?ticket=gQFm7zoAAAAAAAAAASxodHRwOi8vd2VpeGluLnFxLmNvbS9xL1R6LXFyenJtbWVEZ3hqVlVpaFB1AAIEV8vXVwMEAAAAAA==');
INSERT INTO `wp_ori_task` (`id`,`project_id`,`seq_num`,`task_name`,`task_content`,`ctime`,`token`,`qr_code`) VALUES ('7','7','0','任务一','<p>fdasdfa</p>','1473760119','gh_61b835c751eb','https://mp.weixin.qq.com/cgi-bin/showqrcode?ticket=gQGr8DoAAAAAAAAAASxodHRwOi8vd2VpeGluLnFxLmNvbS9xL3lEOTVQZnptQk9COUZiTElHUlB1AAIEesvXVwMEAAAAAA==');
INSERT INTO `wp_ori_task` (`id`,`project_id`,`seq_num`,`task_name`,`task_content`,`ctime`,`token`,`qr_code`) VALUES ('9','8','1','任务一','<p>fsdfs</p>','1473812704','gh_61b835c751eb','https://mp.weixin.qq.com/cgi-bin/showqrcode?ticket=gQFt8ToAAAAAAAAAASxodHRwOi8vd2VpeGluLnFxLmNvbS9xL1BqOVVBRUxtV2VBZ1lFU0ZOQlB1AAIE4pjYVwMEAAAAAA==');
INSERT INTO `wp_ori_task` (`id`,`project_id`,`seq_num`,`task_name`,`task_content`,`ctime`,`token`,`qr_code`) VALUES ('10','8','1','式','','1473812946','gh_61b835c751eb','https://mp.weixin.qq.com/cgi-bin/showqrcode?ticket=gQG38ToAAAAAAAAAASxodHRwOi8vd2VpeGluLnFxLmNvbS9xL05UOXAyclhtRE9CMVJrODNDUlB1AAIE0pnYVwMEAAAAAA==');
INSERT INTO `wp_ori_task` (`id`,`project_id`,`seq_num`,`task_name`,`task_content`,`ctime`,`token`,`qr_code`) VALUES ('11','8','2','fdasd','','1473812956','gh_61b835c751eb','https://mp.weixin.qq.com/cgi-bin/showqrcode?ticket=gQEu8ToAAAAAAAAAASxodHRwOi8vd2VpeGluLnFxLmNvbS9xL1J6OGdxLW5tTF9CV0NUMHNRQlB1AAIE3ZnYVwMEAAAAAA==');
INSERT INTO `wp_ori_task` (`id`,`project_id`,`seq_num`,`task_name`,`task_content`,`ctime`,`token`,`qr_code`) VALUES ('12','8','3','222','','1473812965','gh_61b835c751eb','https://mp.weixin.qq.com/cgi-bin/showqrcode?ticket=gQHl8DoAAAAAAAAAASxodHRwOi8vd2VpeGluLnFxLmNvbS9xLy16OEM0Y3JtQ19CeXlJVmdZaFB1AAIE5pnYVwMEAAAAAA==');
INSERT INTO `wp_ori_task` (`id`,`project_id`,`seq_num`,`task_name`,`task_content`,`ctime`,`token`,`qr_code`) VALUES ('13','8','2','sdfsadf','','1473812976','gh_61b835c751eb','https://mp.weixin.qq.com/cgi-bin/showqrcode?ticket=gQGl8DoAAAAAAAAAASxodHRwOi8vd2VpeGluLnFxLmNvbS9xL2ZqLVRVNnJtME9DcG13VFlzeFB1AAIE8pnYVwMEAAAAAA==');
INSERT INTO `wp_ori_task` (`id`,`project_id`,`seq_num`,`task_name`,`task_content`,`ctime`,`token`,`qr_code`) VALUES ('14','8','1','2222','','1473812986','gh_61b835c751eb','https://mp.weixin.qq.com/cgi-bin/showqrcode?ticket=gQEm8ToAAAAAAAAAASxodHRwOi8vd2VpeGluLnFxLmNvbS9xL0d6LWtWYURtN19DVzhtSFdoQlB1AAIE_5nYVwMEAAAAAA==');
INSERT INTO `wp_ori_task` (`id`,`project_id`,`seq_num`,`task_name`,`task_content`,`ctime`,`token`,`qr_code`) VALUES ('15','8','222','圭','','1473812999','gh_61b835c751eb','https://mp.weixin.qq.com/cgi-bin/showqrcode?ticket=gQEv8ToAAAAAAAAAASxodHRwOi8vd2VpeGluLnFxLmNvbS9xL2dEOXNROVBtRXVCckRQcTFEQlB1AAIECJrYVwMEAAAAAA==');
INSERT INTO `wp_ori_task` (`id`,`project_id`,`seq_num`,`task_name`,`task_content`,`ctime`,`token`,`qr_code`) VALUES ('16','8','2','圭','','1473813008','gh_61b835c751eb','https://mp.weixin.qq.com/cgi-bin/showqrcode?ticket=gQFv8DoAAAAAAAAAASxodHRwOi8vd2VpeGluLnFxLmNvbS9xL1JqOXVHbUxtRl9CdUlqenJEaFB1AAIEEprYVwMEAAAAAA==');
INSERT INTO `wp_ori_task` (`id`,`project_id`,`seq_num`,`task_name`,`task_content`,`ctime`,`token`,`qr_code`) VALUES ('17','8','2','22','','1473813019','gh_61b835c751eb','https://mp.weixin.qq.com/cgi-bin/showqrcode?ticket=gQFH8DoAAAAAAAAAASxodHRwOi8vd2VpeGluLnFxLmNvbS9xL3F6OGlzRmJtVnVBdlVkRk1RaFB1AAIEHZrYVwMEAAAAAA==');
INSERT INTO `wp_ori_task` (`id`,`project_id`,`seq_num`,`task_name`,`task_content`,`ctime`,`token`,`qr_code`) VALUES ('18','8','1','232','','1473813033','gh_61b835c751eb','https://mp.weixin.qq.com/cgi-bin/showqrcode?ticket=gQEY8ToAAAAAAAAAASxodHRwOi8vd2VpeGluLnFxLmNvbS9xL19EOU10SXJtT19CQzJvSkxMQlB1AAIEKprYVwMEAAAAAA==');
INSERT INTO `wp_ori_task` (`id`,`project_id`,`seq_num`,`task_name`,`task_content`,`ctime`,`token`,`qr_code`) VALUES ('19','8','2','3333','','1473813043','gh_61b835c751eb','https://mp.weixin.qq.com/cgi-bin/showqrcode?ticket=gQFq8ToAAAAAAAAAASxodHRwOi8vd2VpeGluLnFxLmNvbS9xL0VqOUJnSEhtTWVCSS0yaDRJUlB1AAIENJrYVwMEAAAAAA==');
INSERT INTO `wp_ori_task` (`id`,`project_id`,`seq_num`,`task_name`,`task_content`,`ctime`,`token`,`qr_code`) VALUES ('20','8','2','栽','','1473813053','gh_61b835c751eb','https://mp.weixin.qq.com/cgi-bin/showqrcode?ticket=gQEY8DoAAAAAAAAAASxodHRwOi8vd2VpeGluLnFxLmNvbS9xL3FqOGFsNmptWnVBZmlkQmplaFB1AAIEPprYVwMEAAAAAA==');
INSERT INTO `wp_ori_task` (`id`,`project_id`,`seq_num`,`task_name`,`task_content`,`ctime`,`token`,`qr_code`) VALUES ('21','8','2','2','','1473813062','gh_61b835c751eb','https://mp.weixin.qq.com/cgi-bin/showqrcode?ticket=gQH68DoAAAAAAAAAASxodHRwOi8vd2VpeGluLnFxLmNvbS9xL3FqOUpHM2ptTU9CSjFkRHFLUlB1AAIER5rYVwMEAAAAAA==');
INSERT INTO `wp_ori_task` (`id`,`project_id`,`seq_num`,`task_name`,`task_content`,`ctime`,`token`,`qr_code`) VALUES ('22','0','','','','1473817841','gh_61b835c751eb','https://mp.weixin.qq.com/cgi-bin/showqrcode?ticket=gQFH8ToAAAAAAAAAASxodHRwOi8vd2VpeGluLnFxLmNvbS9xL0FEOExBQnZtZF9BT0IzcjBheFB1AAIE9KzYVwMEAAAAAA==');
INSERT INTO `wp_ori_task` (`id`,`project_id`,`seq_num`,`task_name`,`task_content`,`ctime`,`token`,`qr_code`) VALUES ('23','0','','','','1473817870','gh_61b835c751eb','https://mp.weixin.qq.com/cgi-bin/showqrcode?ticket=gQG68DoAAAAAAAAAASxodHRwOi8vd2VpeGluLnFxLmNvbS9xL0d6OXNhVnJtRl9CdU5HR2FEQlB1AAIEEK3YVwMEAAAAAA==');
INSERT INTO `wp_ori_task` (`id`,`project_id`,`seq_num`,`task_name`,`task_content`,`ctime`,`token`,`qr_code`) VALUES ('24','0','','','','1473817893','gh_61b835c751eb','https://mp.weixin.qq.com/cgi-bin/showqrcode?ticket=gQHT8DoAAAAAAAAAASxodHRwOi8vd2VpeGluLnFxLmNvbS9xL1p6OFlhVkRtZl9BR1FoMkdlQlB1AAIEJq3YVwMEAAAAAA==');
INSERT INTO `wp_model` (`name`,`title`,`extend`,`relation`,`need_pk`,`field_sort`,`field_group`,`attribute_list`,`template_list`,`template_add`,`template_edit`,`list_grid`,`list_row`,`search_key`,`search_list`,`create_time`,`update_time`,`status`,`engine_type`,`addon`) VALUES ('ori_task','定向赛任务','0','','1','["task_name","seq_num","task_content"]','1:基础','','','','','qr_code:二维码\r\ntask_name:任务名称\r\nseq_num:任务顺序\r\nid:操作:[EDIT]|编辑,[DELETE]|删除','10','','','1471412153','1473812639','1','MyISAM','Orienteering');
INSERT INTO `wp_attribute` (`name`,`title`,`field`,`type`,`value`,`remark`,`is_show`,`extra`,`model_id`,`model_name`,`is_must`,`status`,`update_time`,`create_time`,`validate_rule`,`validate_time`,`error_info`,`validate_type`,`auto_rule`,`auto_time`,`auto_type`) VALUES ('project_id','项目ID','int(10) NULL','num','','','4','','0','ori_task','0','1','1471412466','1471412466','','3','','regex','','3','function');
INSERT INTO `wp_attribute` (`name`,`title`,`field`,`type`,`value`,`remark`,`is_show`,`extra`,`model_id`,`model_name`,`is_must`,`status`,`update_time`,`create_time`,`validate_rule`,`validate_time`,`error_info`,`validate_type`,`auto_rule`,`auto_time`,`auto_type`) VALUES ('seq_num','排序号','int(10) NULL','num','','','1','','0','ori_task','1','1','1473812652','1471412505','','3','','regex','','3','function');
INSERT INTO `wp_attribute` (`name`,`title`,`field`,`type`,`value`,`remark`,`is_show`,`extra`,`model_id`,`model_name`,`is_must`,`status`,`update_time`,`create_time`,`validate_rule`,`validate_time`,`error_info`,`validate_type`,`auto_rule`,`auto_time`,`auto_type`) VALUES ('task_name','任务名称','varchar(255) NULL','string','','','1','','0','ori_task','1','1','1471417608','1471417608','','3','','regex','','3','function');
INSERT INTO `wp_attribute` (`name`,`title`,`field`,`type`,`value`,`remark`,`is_show`,`extra`,`model_id`,`model_name`,`is_must`,`status`,`update_time`,`create_time`,`validate_rule`,`validate_time`,`error_info`,`validate_type`,`auto_rule`,`auto_time`,`auto_type`) VALUES ('task_content','任务内容','text  NULL','editor','','','1','','0','ori_task','0','1','1472543278','1471417707','','3','','regex','','3','function');
INSERT INTO `wp_attribute` (`name`,`title`,`field`,`type`,`value`,`remark`,`is_show`,`extra`,`model_id`,`model_name`,`is_must`,`status`,`update_time`,`create_time`,`validate_rule`,`validate_time`,`error_info`,`validate_type`,`auto_rule`,`auto_time`,`auto_type`) VALUES ('ctime','创建时间','int(10) NULL','datetime','','','0','','0','ori_task','0','1','1471417758','1471417746','','3','','regex','time','1','function');
INSERT INTO `wp_attribute` (`name`,`title`,`field`,`type`,`value`,`remark`,`is_show`,`extra`,`model_id`,`model_name`,`is_must`,`status`,`update_time`,`create_time`,`validate_rule`,`validate_time`,`error_info`,`validate_type`,`auto_rule`,`auto_time`,`auto_type`) VALUES ('token','token','varchar(255) NULL','string','','','0','','0','ori_task','0','1','1472539081','1472539081','','3','','regex','get_token','3','function');
INSERT INTO `wp_attribute` (`name`,`title`,`field`,`type`,`value`,`remark`,`is_show`,`extra`,`model_id`,`model_name`,`is_must`,`status`,`update_time`,`create_time`,`validate_rule`,`validate_time`,`error_info`,`validate_type`,`auto_rule`,`auto_time`,`auto_type`) VALUES ('qr_code','二维码','varchar(255) NULL','string','','','0','','0','ori_task','0','1','1473759573','1473758354','','3','','regex','','3','function');
UPDATE `wp_attribute` a, wp_model m SET a.model_id = m.id WHERE a.model_name=m.`name`;